{
  "evolver": {
    "locomo": {
      "agent": "evolver",
      "num_episodes": 11,
      "avg_f1": 0.06881131111800397,
      "avg_em": 0.0,
      "per_category": {
        "information_extraction": {
          "f1": 0.08396624472573838,
          "em": 0.0,
          "count": 2
        },
        "abstain": {
          "f1": 0.0,
          "em": 0.0,
          "count": 1
        },
        "temporal_reasoning": {
          "f1": 0.0904615861664656,
          "em": 0.0,
          "count": 4
        },
        "preference": {
          "f1": 0.10126582278481013,
          "em": 0.0,
          "count": 1
        },
        "multi_session_reasoning": {
          "f1": 0.030681818181818178,
          "em": 0.0,
          "count": 2
        },
        "knowledge_update": {
          "f1": 0.06451612903225806,
          "em": 0.0,
          "count": 1
        }
      },
      "stats": {
        "name": "evolver",
        "total_events": 33,
        "total_tokens": 14214,
        "memory_size": 1
      }
    }
  }
}